DCP,N√∫m. y Nombre del BI,T√©cnica,Nombre del guion de prueba,Pre Condiciones,Datos de Entrada,Pasos,Puntos de Verificaci√≥n (PV),Fecha de Prueba,Puntaje,Prioridad,Justificaci√≥n
CP-PED-001,Consultar Pedidos,Partici√≥n de Equivalencia,Consultar pedidos por rango de fechas v√°lido,"Usuario autenticado, Pedidos existentes en el rango","Fecha Inicial: 01/10/2025, Fecha Final: 31/10/2025","1. Acceder a /Pedido/Index, 2. Ingresar fecha inicial y final, 3. Clic en Consultar","PV1: Lista de pedidos del rango, PV2: Paginaci√≥n correcta, PV3: Totales calculados, PV4: Fecha dentro del rango",29/10/2025,85,ALTA,Criticidad 30 + Frecuencia 20 + Viabilidad 20 + ROI 10 + Estabilidad 10 + Detecci√≥n 5. Flujo principal de consulta usado diariamente.
CP-PED-002,Filtrar Estado,Partici√≥n de Equivalencia,Filtrar pedidos por estado Registrado,"Usuario autenticado, M√≥dulo Pedidos accesible, Pedidos con estado REGISTRADO existentes en BD, P√°gina de consulta cargada","Estado: REGISTRADO","1. Navegar a m√≥dulo Pedidos (/Pedido/Index), 2. Localizar campo de filtro en columna ESTADO usando estrategia m√∫ltiple (√∫ltimo input de thead, XPath relativo o posici√≥n), 3. Escribir 'REGISTRADO' en el campo de filtro, 4. Esperar aplicaci√≥n autom√°tica del filtro (1 segundo), 5. Verificar existencia de pedidos, 6. Obtener y validar cantidad de pedidos","PV1: Solo muestra pedidos con estado REGISTRADO en columna Estado, PV2: Cantidad de pedidos > 0 (Assert.That(cantidad, Is.GreaterThan(0))), PV3: No aparece mensaje 'NO HAY DATOS DISPONIBLES', PV4: Otros estados (PENDIENTE, ANULADO, CONFIRMADO) excluidos de resultados, PV5: Filtro se aplica autom√°ticamente sin clic en Consultar, PV6: Campo de filtro localizado correctamente sin excepci√≥n NoSuchElementException",01/11/2025,90,ALTA,Criticidad 20 + Frecuencia 20 + Viabilidad 20 + ROI 12 + Estabilidad 10 + Detecci√≥n 8. Filtro cr√≠tico para gesti√≥n operativa diaria. Automatizado con Selenium WebDriver usando Page Object Model. Implementa 3 estrategias de localizaci√≥n para robustez. Screenshot autom√°tico en caso de fallo.
CP-PED-003,Filtrar Estado,Partici√≥n de Equivalencia,Filtrar pedidos por estado Confirmado,"Usuario autenticado, M√≥dulo Pedidos accesible, Pedidos con estado CONFIRMADO existentes en BD, P√°gina de consulta cargada","Estado: CONFIRMADO","1. Navegar a m√≥dulo Pedidos (/Pedido/Index), 2. Localizar campo de filtro en columna ESTADO, 3. Escribir 'CONFIRMADO' en el campo de filtro, 4. Esperar aplicaci√≥n autom√°tica del filtro (1 segundo), 5. Verificar existencia de pedidos, 6. Obtener y validar cantidad de pedidos","PV1: Solo muestra pedidos con estado CONFIRMADO, PV2: Cantidad de pedidos > 0, PV3: No aparece mensaje 'NO HAY DATOS DISPONIBLES', PV4: No muestra pedidos con estado PENDIENTE, REGISTRADO o INVALIDADO, PV5: Filtro se aplica autom√°ticamente sin clic en Consultar",01/11/2025,80,ALTA,Criticidad 20 + Frecuencia 20 + Viabilidad 20 + ROI 12 + Estabilidad 10 + Detecci√≥n 3. Control de pedidos procesados. Filtro cr√≠tico para seguimiento de pedidos confirmados listos para despacho.
CP-PED-004,Filtrar Estado,Partici√≥n de Equivalencia,Filtrar pedidos por estado Invalidado,"Usuario autenticado, M√≥dulo Pedidos accesible, P√°gina de consulta cargada, Pedidos con estado INVALIDADO pueden o no existir en BD","Estado: INVALIDADO","1. Navegar a m√≥dulo Pedidos (/Pedido/Index), 2. Localizar campo de filtro en columna ESTADO, 3. Escribir 'INVALIDADO' en el campo de filtro, 4. Esperar aplicaci√≥n autom√°tica del filtro (1 segundo), 5. Obtener cantidad de pedidos invalidados, 6. Si cantidad > 0: Validar que solo muestra pedidos invalidados, 7. Si cantidad = 0: Validar que se muestra mensaje apropiado","PV1: Solo muestra pedidos con estado INVALIDADO (si existen), PV2: Cantidad de pedidos >= 0 (pueden no existir pedidos invalidados), PV3: Si no hay datos muestra mensaje 'NO HAY DATOS DISPONIBLES' o tabla vac√≠a, PV4: No muestra pedidos con otros estados (REGISTRADO, CONFIRMADO, PENDIENTE), PV5: Filtro se aplica autom√°ticamente sin clic en Consultar",01/11/2025,75,ALTA,Criticidad 15 + Frecuencia 20 + Viabilidad 20 + ROI 12 + Estabilidad 10 + Detecci√≥n 3. Auditor√≠a de pedidos cancelados. Control de pedidos que no proceden. Importante para seguimiento de motivos de invalidaci√≥n y an√°lisis de cancelaciones.
CP-PED-005,Filtrar Cliente,Partici√≥n de Equivalencia,Filtrar pedidos por cliente espec√≠fico Rosa Villarreal DNI 47829156,"Usuario autenticado en sistema SIGESCOM con credenciales admin@plazafer.com, M√≥dulo Pedidos accesible desde men√∫ lateral izquierdo, Cliente Rosa Beatriz Villarreal Campos registrado en base de datos con DNI 47829156, Al menos un pedido asociado al cliente DNI 47829156 existente en el sistema, P√°gina de consulta de pedidos cargada correctamente en ruta /Pedido/Index, Tabla de pedidos renderizada con columnas: N¬∞|FECHA|TIPO DOC|COMPROBANTE|CLIENTE|VENDEDOR|TOTAL|ESTADO|OPCIONES","DNI Cliente: 47829156, Nombre Completo Cliente: Rosa Beatriz Villarreal Campos, Alias Cliente: VILLARREAL, Tipo Documento: DNI, B√∫squeda por: DNI num√©rico","1. Ejecutar Navigate(BASE_URL) navegando a http://161.132.67.82:31098/Pedido/Index con espera de 3 segundos para carga completa, 2. Localizar campo de filtro en columna CLIENTE usando estrategia m√∫ltiple en orden: (Estrategia 1) Buscar todos los inputs con selector CSS 'table thead input[type=text].form-control' y acceder al √≠ndice 3 correspondiente a columna CLIENTE: todosLosInputs[3], (Estrategia 2) Si falla estrategia 1 usar XPath espec√≠fico: //th[normalize-space(text())='CLIENTE']/following::input[@type='text'][1] para localizar input siguiente a header CLIENTE, (Estrategia 3) Si falla estrategia 2 usar XPath relativo: //th[contains(text(),'CLIENTE')]/parent::tr/following-sibling::tr//input[@type='text'] buscando desde fila padre, (Estrategia 4) Si fallan todas usar campo general Buscar con XPath: //label[contains(text(),'Buscar:')]/following-sibling::input como fallback universal, 3. Ejecutar FiltrarPorCliente('47829156') que realiza: Clear() del input para limpiar valores previos + SendKeys('47829156') para escribir DNI + Thread.Sleep(1000) esperando aplicaci√≥n autom√°tica del filtro JavaScript, 4. Invocar HayPedidos() que internamente ejecuta ObtenerCantidadPedidos() > 0 para verificar existencia de al menos un registro v√°lido excluyendo filas con texto 'NO HAY DATOS' o 'NO HAY DATOS DISPONIBLES' mediante LINQ Where clause, 5. Ejecutar var cantidad = ObtenerCantidadPedidos() que cuenta filas en tbody tr excluyendo filas vac√≠as o mensajes de error usando expresi√≥n LINQ: filas.Where(f => !f.Text.Contains('NO HAY DATOS') && !string.IsNullOrWhiteSpace(f.Text)).Count(), 6. Ejecutar VerificarClienteEnResultados('47829156', 'VILLARREAL') que itera sobre cada fila del tbody validando que textoFila.Contains(dniCliente) O textoFila.Contains(nombreCliente) sea verdadero en al menos una fila ignorando filas con mensaje NO HAY DATOS, 7. Assert.That(pedidosPage.HayPedidos(), Is.True) con mensaje de error personalizado indicando DNI no encontrado, 8. Assert.That(clienteEncontrado, Is.True) validando presencia de DNI o nombre en resultados, 9. Assert.That(cantidad, Is.GreaterThan(0)) verificando cantidad v√°lida mayor a cero, 10. TestContext.WriteLine() registrando en log de NUnit: DNI filtrado + cantidad encontrada + mensaje de verificaci√≥n exitosa","PV1: M√©todo HayPedidos() retorna true confirmando existencia de al menos un pedido del cliente (Assert.That(pedidosPage.HayPedidos(), Is.True, mensaje_error_personalizado)), PV2: DNI 47829156 aparece textualmente en columna CLIENTE de al menos una fila de la tabla tbody verificado mediante b√∫squeda de substring Contains() en propiedad Text de IWebElement fila, PV3: Apellido VILLARREAL aparece en los resultados como validaci√≥n adicional del nombre del cliente mediante m√©todo VerificarClienteEnResultados() con par√°metro nombreCliente retornando bool true, PV4: Variable cantidad obtenida mediante ObtenerCantidadPedidos() es estrictamente mayor a 0 validado con Assert.That(cantidad, Is.GreaterThan(0), mensaje_error_cantidad), PV5: No aparece mensaje 'NO HAY DATOS DISPONIBLES' en tbody de tabla confirmando que existen registros v√°lidos para mostrar al usuario (validaci√≥n impl√≠cita en m√©todo ObtenerCantidadPedidos() que excluye estas filas del conteo), PV6: Todos los pedidos mostrados pertenecen exclusivamente al cliente DNI 47829156 sin mezcla de pedidos de otros clientes (validaci√≥n mediante inspecci√≥n visual manual requerida o implementaci√≥n futura de ValidarTodosPedidosDelMismoCliente()), PV7: Filtro se aplica de forma autom√°tica mediante JavaScript al escribir en campo sin necesidad de clic manual en bot√≥n Consultar validado por espera Thread.Sleep(1000) suficiente para actualizaci√≥n de tabla, PV8: Campo de filtro CLIENTE es localizado exitosamente sin lanzar NoSuchElementException gracias a implementaci√≥n de 4 estrategias de fallback encadenadas con bloques try-catch individuales, PV9: En caso de fallo del test se captura screenshot autom√°ticamente mediante m√©todo TakeScreenshot() en TestBase.TearDown() guardando PNG en ruta C:\Users\jefferson\Downloads\caoturasfallas\ con timestamp en nombre de archivo formato yyyyMMdd_HHmmss, PV10: Logs detallados generados mediante TestContext.WriteLine() durante ejecuci√≥n mostrando: mensaje inicio filtro con emoji üîç + DNI siendo filtrado + cantidad de pedidos encontrados con emoji ‚úÖ + mensaje final de verificaci√≥n exitosa con DNI y nombre cliente, PV11: Test ejecuta correctamente con usuario jefferson-joe-mendoza-vega en fecha 2025-11-01 16:05:53 UTC sin errores de compilaci√≥n ni runtime exceptions, PV12: Implementaci√≥n sigue patr√≥n Page Object Model (POM) con separaci√≥n clara entre l√≥gica de test en CP_PED_005_Test.cs y m√©todos de interacci√≥n en PedidosPage.cs mejorando mantenibilidad del c√≥digo",01/11/2025,80,ALTA,Criticidad 20 puntos: Funcionalidad cr√≠tica para operaciones diarias de consulta de pedidos por cliente espec√≠fico utilizada por departamento de ventas y servicio al cliente para seguimiento de historial de compras y resoluci√≥n de consultas. Frecuencia 20 puntos: B√∫squeda por cliente DNI se realiza m√∫ltiples veces al d√≠a por diferentes usuarios del sistema para atenci√≥n de clientes que solicitan informaci√≥n sobre sus pedidos. Viabilidad 20 puntos: Test 100% automatizable con Selenium WebDriver sin dependencias externas complejas utilizando selectores CSS y XPath est√°ndar compatibles con Chrome Driver versi√≥n 142.0.7444.60. ROI 12 puntos: Ahorro significativo en tiempo de regresi√≥n manual ya que test ejecuta en ~40 segundos versus 5 minutos de prueba manual reduciendo 88% del tiempo. Estabilidad 10 puntos: Funcionalidad estable en producci√≥n sin cambios frecuentes en estructura DOM de tabla de pedidos. Detecci√≥n 3 puntos: Detecta errores cr√≠ticos de filtrado incorrecto que podr√≠an mostrar pedidos de clientes equivocados violando privacidad de datos. Implementaci√≥n t√©cnica: Selenium WebDriver 4.x con ChromeDriver, NUnit 3.x como framework de testing, Page Object Model para encapsulaci√≥n de l√≥gica, 4 estrategias de localizaci√≥n de elementos con fallback para robustez ante cambios menores en HTML, manejo de excepciones try-catch encadenados, screenshots autom√°ticos en fallo mediante ITakesScreenshot guardados en C:\Users\jefferson\Downloads\caoturasfallas\, login autom√°tico en TestBase.Setup() con credenciales admin@plazafer.com ejecutando flujo: ingreso email + password + clic submit + espera modal + selecci√≥n centro atenci√≥n CA PRINCIPAL + clic Aceptar, espera impl√≠cita de 10 segundos configurada en Driver.Manage().Timeouts().ImplicitWait, navegaci√≥n a URL base http://161.132.67.82:31098 en ambiente de pruebas, test ejecutado por usuario jefferson-joe-mendoza-vega en fecha UTC 2025-11-01 16:05:53 desde m√°quina local Windows con Visual Studio 2022, categorizado como Smoke test de prioridad ALTA para ejecuci√≥n en cada build, total 5 de 50 tests implementados representando 10% de cobertura del m√≥dulo Pedidos.
CP-PED-007,Crear Pedido,Partici√≥n de Equivalencia,Crear pedido v√°lido completo,"Usuario autenticado, Cliente Carlos Mendoza DNI 72854193, Producto con stock>=10","Cliente: Carlos Alberto Mendoza Quiroz (DNI: 72854193), Producto: 88008-1 PISO PVC 18CM X 122CM X 4MM (o primer producto con stock>=10), Cantidad: 5, Precio unitario ejemplo: 100","1. Clic en NUEVO PEDIDO, 2. Clic en bot√≥n azul (ng-click='$ctrl.habilitarBusqueda') para habilitar b√∫squeda, 3. Clic en dropdown 'BUSCAR EN CLIENTES REGISTRADOS' (ui-select), 4. Escribir DNI '72854193' en input ui-select-search, 5. Seleccionar cliente '72854193 - MENDOZA QUIROZ CARLOS ALBERTO', 6. Ingresar ALIAS 'Carlos Mendoza' si el campo est√° visible (opcional), 7. Clic en select2 CONCEPTO, 8. Seleccionar producto con stock (ej. 88008-1 o primer disponible con STOCK>0), 9. Ajustar cantidad a 5, 10. Clic en GUARDAR (ng-click='guardarPedido()'), 11. Verificar confirmaci√≥n (modal 'Correcto' / mensaje 'Pedido registrado correctamente' o que el pedido aparece en listado), 12. Cerrar modal si aplica","PV1: Mensaje: 'Correcto' / 'Pedido registrado correctamente', PV2: Nuevo pedido aparece en listado, PV3: Estado: REGISTRADO (o PENDIENTE seg√∫n flujo), PV4: Cliente: Carlos Mendoza (DNI 72854193), PV5: Subtotal=500, IGV=90, Total=590",02/11/2025,95,CR√çTICA,"Criticidad 30 + Frecuencia 20 + Viabilidad 20 + ROI 15 + Estabilidad 10 + Detecci√≥n 5. Flujo principal del m√≥dulo."
CP-PED-008,Validaci√≥n Cliente,Partici√≥n de Equivalencia,Crear pedido con cliente inv√°lido (no existe),"Usuario autenticado","DNI inexistente: 99999999","1. Clic en NUEVO PEDIDO, 2. Clic en bot√≥n azul (ng-click='$ctrl.habilitarBusqueda') para habilitar b√∫squeda de cliente, 3. Abrir dropdown 'BUSCAR EN CLIENTES REGISTRADOS' (ui-select), 4. Escribir DNI '99999999' en input ui-select-search, 5. Verificar que no aparezcan resultados o muestre mensaje 'No existe' / 'No encontrado', 6a. Intentar hacer clic en GUARDAR sin seleccionar cliente y validar que no permite guardar OR 6b. (si el flujo del sistema permite crear cliente) hacer clic en bot√≥n '+' (crear cliente), cerrar modal sin crear y volver a intentar guardar","PV1: Mensaje de error visible: 'Cliente no existe' o 'No se encontr√≥ el cliente', PV2: No permite guardar (bot√≥n GUARDAR deshabilitado o se muestra validaci√≥n y no hay redirecci√≥n), PV3: No se crea pedido en el listado, PV4 (opcional): Si se abre modal crear-cliente, el sistema no guarda hasta que cliente v√°lido est√© seleccionado","02/11/2025",85,CR√çTICA,"Criticidad 30 + Frecuencia 15 + Viabilidad 20 + ROI 12 + Estabilidad 10 + Detecci√≥n 4. Validaci√≥n cr√≠tica de integridad"

CP-PED-010,Validaci√≥n Stock,Partici√≥n de Equivalencia,Agregar producto sin stock disponible,"Usuario autenticado, Producto con stock=0","Producto ID 50 con stock=0","1. Seleccionar producto sin stock, 2. Intentar agregar al pedido","PV1: Error: 'Producto sin stock', PV2: No permite agregar, PV3: Stock actual mostrado",29/10/2025,90,CR√çTICA,Criticidad 30 + Frecuencia 20 + Viabilidad 20 + ROI 12 + Estabilidad 10 + Detecci√≥n 5. Previene sobreventa.
CP-PED-013,C√°lculos IGV,Partici√≥n de Equivalencia,Verificar c√°lculo de IGV (18%),"Usuario autenticado","Producto: Precio=100, Cantidad=2, IGV=18%","1. Agregar producto precio 100, cantidad 2, 2. Verificar c√°lculo","PV1: Subtotal=200, PV2: IGV=36 (18% de 200), PV3: Total=236, PV4: Precisi√≥n 2 decimales",29/10/2025,95,CR√çTICA,Criticidad 30 + Frecuencia 20 + Viabilidad 20 + ROI 15 + Estabilidad 10 + Detecci√≥n 5. C√°lculo financiero cr√≠tico.
CP-PED-014,Descuentos,Partici√≥n de Equivalencia,Aplicar descuento a producto,"Usuario autenticado","Producto: Precio=100, Descuento=10%","1. Agregar producto, 2. Aplicar descuento 10%, 3. Verificar c√°lculo","PV1: Precio original 100, PV2: Descuento aplicado=10, PV3: Precio final=90, PV4: IGV sobre precio con descuento",29/10/2025,90,CR√çTICA,Criticidad 30 + Frecuencia 20 + Viabilidad 20 + ROI 12 + Estabilidad 10 + Detecci√≥n 4. Descuentos afectan facturaci√≥n.
CP-PED-016,Validaci√≥n Cantidad,Valores L√≠mite,Ingresar cantidad negativa,"Usuario autenticado","Cantidad: -5","1. Ingresar cantidad -5, 2. Intentar agregar producto","PV1: Error: 'Cantidad debe ser mayor a 0', PV2: Campo marcado inv√°lido, PV3: No permite agregar",29/10/2025,80,ALTA,Criticidad 30 + Frecuencia 15 + Viabilidad 20 + ROI 10 + Estabilidad 10 + Detecci√≥n 4. Validaci√≥n b√°sica de entrada.
CP-PED-018,Validaci√≥n Descuento,Valores L√≠mite,Ingresar descuento mayor a 100%,"Usuario autenticado","Descuento: 150%","1. Ingresar descuento 150%, 2. Intentar aplicar","PV1: Error: 'Descuento no puede ser mayor a 100%', PV2: No aplica descuento, PV3: Validaci√≥n frontend",29/10/2025,80,ALTA,Criticidad 30 + Frecuencia 15 + Viabilidad 20 + ROI 10 + Estabilidad 10 + Detecci√≥n 4. Previene descuentos inv√°lidos.
CP-PED-021,M√∫ltiples Productos,Partici√≥n de Equivalencia,Agregar m√∫ltiples productos al pedido,"Usuario autenticado","3 productos diferentes con stock","1. Agregar Producto A (precio 100), 2. Agregar Producto B (precio 50), 3. Agregar Producto C (precio 75), 4. Verificar totales","PV1: 3 productos en grilla, PV2: Subtotal=225, PV3: IGV=40.5, PV4: Total=265.5",29/10/2025,90,CR√çTICA,Criticidad 30 + Frecuencia 20 + Viabilidad 20 + ROI 12 + Estabilidad 10 + Detecci√≥n 4. Escenario com√∫n de pedidos.
CP-PED-026,Editar Pedido,Partici√≥n de Equivalencia,Editar pedido en estado Pendiente,"Usuario autenticado, Pedido Pendiente de Jorge Flores","Pedido de Jorge Luis Flores S√°nchez (DNI: 58471629), Cambiar cantidad de producto de 5 a 10","1. Filtrar pedidos de Jorge Flores, 2. Seleccionar pedido Pendiente, 3. Clic Editar, 4. Modificar cantidad de 5 a 10, 5. Guardar","PV1: Cambios guardados correctamente, PV2: Cantidad actualizada a 10, PV3: Subtotal/IGV/Total recalculados, PV4: Estado sigue Pendiente, PV5: Cliente sigue siendo Jorge Flores",29/10/2025,90,CR√çTICA,Criticidad 30 + Frecuencia 20 + Viabilidad 20 + ROI 12 + Estabilidad 10 + Detecci√≥n 4. Flujo de correcci√≥n frecuente.
CP-PED-027,Validaci√≥n Estado,Partici√≥n de Equivalencia,Intentar editar pedido confirmado,"Usuario autenticado, Pedido Confirmado de Ana Rodr√≠guez","Pedido de Ana Patricia Rodr√≠guez Torres (DNI: 81247593) en estado Confirmado","1. Filtrar pedidos de Ana Rodr√≠guez, 2. Seleccionar pedido Confirmado, 3. Intentar editar","PV1: Bot√≥n Editar deshabilitado o genera error, PV2: Mensaje: 'No se puede editar pedido confirmado', PV3: Pedido sin cambios, PV4: Cliente: Ana Rodr√≠guez visible",29/10/2025,85,CR√çTICA,Criticidad 30 + Frecuencia 15 + Viabilidad 20 + ROI 12 + Estabilidad 10 + Detecci√≥n 4. Regla de negocio cr√≠tica.
CP-PED-031,Invalidar Pedido,Partici√≥n de Equivalencia,Invalidar pedido pendiente con motivo,"Usuario autenticado, Pedido Pendiente de Carlos Mendoza","Pedido de Carlos Alberto Mendoza Quiroz (DNI: 72854193), Motivo: 'Cliente cancel√≥ el pedido'","1. Filtrar pedidos de Carlos Mendoza, 2. Seleccionar pedido Pendiente, 3. Clic Invalidar, 4. Ingresar motivo: 'Cliente cancel√≥ el pedido', 5. Confirmar","PV1: Estado cambia a Invalidado, PV2: Motivo guardado correctamente, PV3: Stock NO se descuenta, PV4: Auditor√≠a registrada con usuario y fecha, PV5: Cliente: Carlos Mendoza visible",29/10/2025,85,CR√çTICA,Criticidad 30 + Frecuencia 15 + Viabilidad 20 + ROI 12 + Estabilidad 10 + Detecci√≥n 4. Proceso de cancelaci√≥n importante.
CP-PED-032,Validaci√≥n Estado,Partici√≥n de Equivalencia,Intentar invalidar pedido confirmado,"Usuario autenticado, Pedido Confirmado de Rosa Villarreal","Pedido de Rosa Beatriz Villarreal Campos (DNI: 47829156) ya convertido a venta","1. Filtrar pedidos de Rosa Villarreal, 2. Seleccionar pedido Confirmado, 3. Intentar invalidar","PV1: Error: 'No se puede invalidar pedido confirmado', PV2: Bot√≥n Invalidar deshabilitado, PV3: Sugiere anular venta en m√≥dulo correspondiente",29/10/2025,80,ALTA,Criticidad 30 + Frecuencia 10 + Viabilidad 20 + ROI 12 + Estabilidad 10 + Detecci√≥n 4. Previene inconsistencias.
CP-PED-034,Confirmar Pedido,Partici√≥n de Equivalencia,Confirmar pedido y convertir a venta,"Usuario autenticado, Pedido Pendiente de Jorge Flores con stock suficiente","Pedido de Jorge Luis Flores S√°nchez (DNI: 58471629) con productos stock>=10","1. Filtrar pedidos de Jorge Flores, 2. Seleccionar pedido Pendiente, 3. Clic Confirmar, 4. Confirmar acci√≥n","PV1: Estado cambia a Confirmado, PV2: Venta generada en m√≥dulo Ventas, PV3: Stock descontado correctamente, PV4: Comprobante generado, PV5: Cliente en venta: Jorge Flores",29/10/2025,95,CR√çTICA,Criticidad 30 + Frecuencia 20 + Viabilidad 20 + ROI 15 + Estabilidad 10 + Detecci√≥n 5. Conversi√≥n principal a venta.
CP-PED-039,Buscar,Partici√≥n de Equivalencia,Buscar pedido por c√≥digo,"Usuario autenticado, Pedido PED-2025-001 existe","C√≥digo: PED-2025-001","1. Ingresar c√≥digo en b√∫squeda, 2. Ejecutar b√∫squeda","PV1: Encuentra pedido exacto, PV2: Muestra detalle, PV3: Tiempo respuesta < 2 seg",29/10/2025,85,ALTA,Criticidad 20 + Frecuencia 20 + Viabilidad 20 + ROI 15 + Estabilidad 10 + Detecci√≥n 3. B√∫squeda r√°pida frecuente.
CP-PED-045,Paginaci√≥n,Partici√≥n de Equivalencia,Navegar a segunda p√°gina de resultados,"Usuario autenticado, M√°s de 20 pedidos","Listado con 50 pedidos, p√°gina tama√±o=20","1. Consultar pedidos, 2. Ver primera p√°gina, 3. Clic en p√°gina 2","PV1: Muestra registros 21-40, PV2: Paginador activo en p√°gina 2, PV3: Totales consistentes",29/10/2025,70,MEDIA,Criticidad 15 + Frecuencia 15 + Viabilidad 20 + ROI 10 + Estabilidad 10 + Detecci√≥n 3. Usabilidad importante.
CP-PED-046,Paginaci√≥n,Partici√≥n de Equivalencia,Cambiar tama√±o de p√°gina a 50 registros,"Usuario autenticado, 100 pedidos en BD","Cambiar de 20 a 50 registros por p√°gina","1. Cambiar selector a 50, 2. Verificar resultados","PV1: Muestra 50 registros, PV2: Paginaci√≥n ajustada a 2 p√°ginas, PV3: Performance adecuada",29/10/2025,70,MEDIA,Criticidad 15 + Frecuencia 15 + Viabilidad 20 + ROI 10 + Estabilidad 10 + Detecci√≥n 3. Mejora productividad.
CP-PED-048,Exportar,Partici√≥n de Equivalencia,Exportar con 0 registros en resultado,"Usuario autenticado","Filtro sin resultados","1. Aplicar filtro que no devuelve datos, 2. Intentar exportar","PV1: Mensaje: 'No hay datos para exportar', PV2: No genera archivo, PV3: Usuario informado",29/10/2025,70,MEDIA,Criticidad 15 + Frecuencia 15 + Viabilidad 15 + ROI 12 + Estabilidad 10 + Detecci√≥n 3. Validaci√≥n de exportaci√≥n.
CP-PED-084,Exportar,Valores L√≠mite,Exportar con 0 registros,"Usuario autenticado, Filtros sin resultados","Fecha rango vac√≠o","1. Aplicar filtro sin resultados, 2. Intentar exportar","PV1: Mensaje: 'No hay datos para exportar', PV2: No genera archivo vac√≠o, PV3: Sin errores",29/10/2025,70,MEDIA,Criticidad 15 + Frecuencia 15 + Viabilidad 15 + ROI 12 + Estabilidad 10 + Detecci√≥n 3. Caso l√≠mite de exportaci√≥n.
CP-PED-093,C√°lculos,Valores L√≠mite,Verificar redondeo en c√°lculo de IGV,"Usuario autenticado","Producto: PrecioUnit=10.33, Cantidad=3, IGV=18%","1. Agregar producto precio decimal, 2. Verificar c√°lculo IGV","PV1: Subtotal=30.99, PV2: IGV=5.5782 redondeado a 5.58, PV3: Total=36.57, PV4: Precisi√≥n 2 decimales",29/10/2025,85,CR√çTICA,Criticidad 30 + Frecuencia 20 + Viabilidad 20 + ROI 10 + Estabilidad 10 + Detecci√≥n 5. Redondeo cr√≠tico en facturaci√≥n.
CP-PED-095,C√°lculos,Tablas de Decisi√≥n,Calcular con producto gravado y no gravado mixtos,"Usuario autenticado","Producto1: 100 gravado, Producto2: 50 no gravado","1. Agregar producto gravado, 2. Agregar no gravado, 3. Verificar c√°lculos","PV1: IGV solo sobre gravados, PV2: Subtotal=150, PV3: IGV=18 (solo P1), PV4: Total=168",29/10/2025,85,CR√çTICA,Criticidad 30 + Frecuencia 15 + Viabilidad 20 + ROI 12 + Estabilidad 10 + Detecci√≥n 4. Escenario real frecuente.
CP-PED-101,Validaci√≥n Frontend,Partici√≥n de Equivalencia,Validar campo Cliente como requerido,"Usuario autenticado, Modal Nuevo Pedido abierto","Dejar campo Tipo Documento y N¬∞ Documento vac√≠o","1. Abrir modal Nuevo Pedido, 2. Agregar productos sin seleccionar cliente, 3. Intentar Guardar","PV1: Error: 'Cliente es obligatorio' o 'Tipo Documento es obligatorio', PV2: Borde campo en rojo, PV3: No permite guardar, PV4: Focus en campo faltante",29/10/2025,75,ALTA,Criticidad 20 + Frecuencia 15 + Viabilidad 20 + ROI 10 + Estabilidad 10 + Detecci√≥n 4. Validaci√≥n esencial.
CP-PED-102,Validaci√≥n Frontend,Partici√≥n de Equivalencia,Validar al menos un producto requerido,"Usuario autenticado","Cliente seleccionado, sin productos","1. Seleccionar cliente, 2. No agregar productos, 3. Intentar guardar","PV1: Error: 'Debe agregar al menos un producto', PV2: No guarda pedido, PV3: Mensaje visible",29/10/2025,75,ALTA,Criticidad 20 + Frecuencia 15 + Viabilidad 20 + ROI 10 + Estabilidad 10 + Detecci√≥n 4. L√≥gica de negocio b√°sica.
CP-PED-103,Validaci√≥n Frontend,Valores L√≠mite,Validar cantidad m√≠nima de producto = 1,"Usuario autenticado","Cantidad: 0","1. Agregar producto, 2. Ingresar cantidad 0, 3. Intentar continuar","PV1: Error: 'Cantidad debe ser mayor a 0', PV2: Campo marcado inv√°lido, PV3: No permite agregar producto",29/10/2025,75,ALTA,Criticidad 20 + Frecuencia 15 + Viabilidad 20 + ROI 10 + Estabilidad 10 + Detecci√≥n 4. Previene cantidad inv√°lida.
CP-PED-104,Validaci√≥n Frontend,Valores L√≠mite,Validar descuento m√°ximo no mayor a 100%,"Usuario autenticado","Descuento: 101%","1. Agregar producto, 2. Ingresar descuento 101%, 3. Salir del campo","PV1: Error: 'Descuento no puede ser mayor a 100%', PV2: Campo inv√°lido, PV3: No permite continuar",29/10/2025,75,ALTA,Criticidad 20 + Frecuencia 15 + Viabilidad 20 + ROI 10 + Estabilidad 10 + Detecci√≥n 4. Validaci√≥n de l√≠mite superior.
CP-PED-105,Validaci√≥n Frontend,Valores L√≠mite,Validar precio unitario mayor a 0,"Usuario autenticado","Precio modificado a 0","1. Agregar producto, 2. Cambiar precio a 0, 3. Intentar agregar","PV1: Advertencia o error seg√∫n regla negocio, PV2: Validaci√≥n coherente",29/10/2025,75,ALTA,Criticidad 20 + Frecuencia 15 + Viabilidad 20 + ROI 10 + Estabilidad 10 + Detecci√≥n 4. Precio m√≠nimo v√°lido.
CP-PED-106,Buscar y Filtrar,Partici√≥n de Equivalencia,Buscar por c√≥digo de pedido exacto,"Usuario autenticado, Pedido PED-2025-001 existe","Buscar: 'PED-2025-001'","1. Ingresar c√≥digo exacto en b√∫squeda, 2. Ejecutar b√∫squeda","PV1: Encuentra pedido exacto, PV2: Solo 1 resultado, PV3: Datos correctos, PV4: Tiempo < 2 seg",29/10/2025,75,ALTA,Criticidad 20 + Frecuencia 20 + Viabilidad 20 + ROI 10 + Estabilidad 10 + Detecci√≥n 3. B√∫squeda directa frecuente.
CP-PED-107,Buscar y Filtrar,Partici√≥n de Equivalencia,Buscar por nombre de cliente parcial,"Usuario autenticado, Clientes: Mar√≠a Quispe y Rosa Villarreal","Buscar: 'Mar√≠a' en filtro de clientes","1. Escribir 'Mar√≠a' en b√∫squeda de clientes, 2. Buscar","PV1: Muestra todos los pedidos de clientes con 'Mar√≠a' (Mar√≠a Elena Quispe Huam√°n), PV2: B√∫squeda case-insensitive, PV3: Incluye Mar√≠a/maria/MAR√çA",29/10/2025,75,ALTA,Criticidad 20 + Frecuencia 20 + Viabilidad 20 + ROI 10 + Estabilidad 10 + Detecci√≥n 3. B√∫squeda flexible √∫til.
CP-PED-108,Buscar y Filtrar,Partici√≥n de Equivalencia,Buscar por apellido de cliente,"Usuario autenticado, Cliente Jorge Flores S√°nchez DNI 58471629","Buscar: 'Flores' en filtro de clientes","1. Ingresar 'Flores' en b√∫squeda, 2. Ejecutar","PV1: Encuentra pedidos del cliente Jorge Luis Flores S√°nchez, PV2: B√∫squeda por apellido funciona, PV3: M√∫ltiples pedidos si existen",29/10/2025,75,ALTA,Criticidad 20 + Frecuencia 20 + Viabilidad 20 + ROI 10 + Estabilidad 10 + Detecci√≥n 3. B√∫squeda por identificador.
CP-PED-109,Buscar y Filtrar,Partici√≥n de Equivalencia,Buscar por DNI de cliente,"Usuario autenticado, Cliente Ana Rodr√≠guez DNI 81247593","Buscar: '81247593'","1. Buscar por DNI 81247593, 2. Ver resultados","PV1: Encuentra pedidos del cliente Ana Patricia Rodr√≠guez Torres, PV2: DNI correcto en resultados, PV3: B√∫squeda exacta funciona",29/10/2025,75,ALTA,Criticidad 20 + Frecuencia 20 + Viabilidad 20 + ROI 10 + Estabilidad 10 + Detecci√≥n 3. B√∫squeda por documento.
CP-PED-111,Filtros Combinados,Tablas de Decisi√≥n,Filtrar por Estado=Pendiente y Rango de Fechas,"Usuario autenticado, Pedidos de varios clientes en diferentes fechas","Estado: Pendiente, Fecha Inicial: 01/10/2025, Fecha Final: 31/10/2025","1. Seleccionar Estado Pendiente, 2. Ingresar rango fechas, 3. Consultar","PV1: Solo muestra pendientes en ese rango, PV2: Ambos filtros aplicados, PV3: Paginaci√≥n correcta",29/10/2025,80,ALTA,Criticidad 20 + Frecuencia 20 + Viabilidad 20 + ROI 12 + Estabilidad 10 + Detecci√≥n 3. Filtro combinado com√∫n.
CP-PED-112,Filtros Combinados,Tablas de Decisi√≥n,Filtrar por Cliente espec√≠fico y Estado=Confirmado,"Usuario autenticado, Cliente Rosa Villarreal con pedidos confirmados","Cliente: Rosa Beatriz Villarreal Campos (DNI: 47829156), Estado: Confirmado","1. Seleccionar cliente Rosa Villarreal, 2. Seleccionar estado Confirmado, 3. Consultar","PV1: Solo pedidos confirmados de Rosa Villarreal, PV2: Filtros AND aplicados correctamente, PV3: DNI visible en resultados",29/10/2025,80,ALTA,Criticidad 20 + Frecuencia 20 + Viabilidad 20 + ROI 12 + Estabilidad 10 + Detecci√≥n 3. Combinaci√≥n √∫til de filtros.
CP-PED-114,Limpiar Filtros,Partici√≥n de Equivalencia,Limpiar todos los filtros aplicados,"Usuario autenticado, Filtros aplicados","Varios filtros activos","1. Aplicar m√∫ltiples filtros, 2. Clic en bot√≥n Limpiar/Reset, 3. Observar resultados","PV1: Todos los filtros se limpian, PV2: Muestra todos los pedidos, PV3: Campos de filtro vac√≠os, PV4: Fecha vuelve a hoy",29/10/2025,70,MEDIA,Criticidad 15 + Frecuencia 15 + Viabilidad 20 + ROI 10 + Estabilidad 10 + Detecci√≥n 3. Funcionalidad de reset √∫til.
CP-PED-115,Ordenamiento,Partici√≥n de Equivalencia,Ordenar por Fecha ascendente,"Usuario autenticado, M√∫ltiples pedidos","Clic en columna Fecha","1. Clic en cabecera 'Fecha', 2. Verificar orden","PV1: Ordena del m√°s antiguo al m√°s reciente, PV2: Indicador visual de orden ASC, PV3: Datos correctos",29/10/2025,70,MEDIA,Criticidad 15 + Frecuencia 15 + Viabilidad 20 + ROI 10 + Estabilidad 10 + Detecci√≥n 3. Ordenamiento b√°sico.
CP-PED-116,Ordenamiento,Partici√≥n de Equivalencia,Ordenar por Fecha descendente,"Usuario autenticado","Clic 2 veces en columna Fecha","1. Clic en 'Fecha' hasta DESC, 2. Verificar orden","PV1: Ordena del m√°s reciente al m√°s antiguo, PV2: Indicador DESC visible, PV3: Consistencia",29/10/2025,70,MEDIA,Criticidad 15 + Frecuencia 15 + Viabilidad 20 + ROI 10 + Estabilidad 10 + Detecci√≥n 3. Ver pedidos recientes primero.
CP-PED-117,Ordenamiento,Partici√≥n de Equivalencia,Ordenar por Cliente alfab√©ticamente,"Usuario autenticado","Clic en columna Cliente","1. Ordenar por Cliente, 2. Verificar orden alfab√©tico","PV1: Orden A-Z correcto, PV2: Case-insensitive, PV3: √ë ordenada correctamente",29/10/2025,65,MEDIA,Criticidad 15 + Frecuencia 10 + Viabilidad 20 + ROI 10 + Estabilidad 10 + Detecci√≥n 3. Orden alfab√©tico √∫til.
CP-PED-118,Ordenamiento,Partici√≥n de Equivalencia,Ordenar por Total mayor a menor,"Usuario autenticado","Clic en columna Total DESC","1. Ordenar por Total descendente, 2. Verificar orden","PV1: Mayor a menor correcto, PV2: Valores num√©ricos ordenados correctamente, PV3: No orden alfab√©tico",29/10/2025,70,MEDIA,Criticidad 15 + Frecuencia 15 + Viabilidad 20 + ROI 10 + Estabilidad 10 + Detecci√≥n 3. Ver pedidos de mayor valor.
CP-PED-126,Exportaci√≥n,Partici√≥n de Equivalencia,Exportar a Excel todos los campos,"Usuario autenticado, 20 pedidos filtrados","Selecci√≥n de filtros aplicados","1. Aplicar filtros, 2. Clic Exportar Excel, 3. Abrir archivo","PV1: Archivo .xlsx descargado, PV2: Contiene 20 registros, PV3: Todas las columnas incluidas, PV4: Formato Excel v√°lido",29/10/2025,75,ALTA,Criticidad 20 + Frecuencia 15 + Viabilidad 15 + ROI 12 + Estabilidad 10 + Detecci√≥n 3. Exportaci√≥n para reportes.
CP-PED-132,Validaci√≥n Negocio,Partici√≥n de Equivalencia,Validar stock suficiente antes de confirmar,"Usuario autenticado, Producto con stock=5","Pedido con cantidad=10","1. Crear pedido de 10 unidades, 2. Intentar confirmar, 3. Verificar validaci√≥n","PV1: Error: 'Stock insuficiente', PV2: Detalla producto y stock disponible, PV3: No permite confirmar, PV4: Pedido queda Pendiente",29/10/2025,90,CR√çTICA,Criticidad 30 + Frecuencia 20 + Viabilidad 20 + ROI 12 + Estabilidad 10 + Detecci√≥n 5. Validaci√≥n crucial de inventario.
CP-PED-133,Validaci√≥n Negocio,Partici√≥n de Equivalencia,Validar cliente activo al crear pedido,"Usuario autenticado, Cliente Mar√≠a Quispe desactivado previamente","Cliente inactivo: Mar√≠a Elena Quispe Huam√°n (DNI: 63194827) - Desactivar antes de la prueba","1. Desactivar cliente Mar√≠a Quispe en m√≥dulo Clientes, 2. Intentar crear pedido con DNI 63194827, 3. Guardar","PV1: Error: 'Cliente inactivo' o no aparece en b√∫squeda, PV2: No permite crear pedido, PV3: Sugiere activar cliente o muestra mensaje",29/10/2025,80,ALTA,Criticidad 30 + Frecuencia 10 + Viabilidad 20 + ROI 12 + Estabilidad 10 + Detecci√≥n 4. Validaci√≥n de estado de cliente.
CP-PED-134,Validaci√≥n Negocio,Partici√≥n de Equivalencia,Validar producto activo al agregar a pedido,"Usuario autenticado","Producto inactivo ID 200","1. Buscar producto inactivo, 2. Intentar agregar","PV1: No aparece en b√∫squeda o mensaje de inactivo, PV2: No permite agregarlo, PV3: Solo productos activos disponibles",29/10/2025,80,ALTA,Criticidad 30 + Frecuencia 10 + Viabilidad 20 + ROI 12 + Estabilidad 10 + Detecci√≥n 4. Validaci√≥n de estado de producto.
CP-PED-135,Validaci√≥n Negocio,Valores L√≠mite,Validar fecha de operaci√≥n no futura,"Usuario autenticado","Fecha operaci√≥n: 01/01/2026 (futura)","1. Ingresar fecha futura, 2. Intentar guardar","PV1: Error: 'Fecha no puede ser futura', PV2: Permite hoy o anterior, PV3: Validaci√≥n correcta",29/10/2025,75,ALTA,Criticidad 20 + Frecuencia 15 + Viabilidad 20 + ROI 10 + Estabilidad 10 + Detecci√≥n 4. Validaci√≥n temporal l√≥gica.
CP-PED-159,Duplicar Pedido,Partici√≥n de Equivalencia,Duplicar pedido existente para crear nuevo,"Usuario autenticado, Pedido existente de Ana Rodr√≠guez","Pedido de Ana Patricia Rodr√≠guez Torres (DNI: 81247593), Clic en Duplicar","1. Filtrar pedidos de Ana Rodr√≠guez, 2. Seleccionar un pedido, 3. Clic en Duplicar, 4. Verificar modal de nuevo pedido","PV1: Abre modal con datos copiados, PV2: Cliente igual: Ana Rodr√≠guez DNI 81247593, PV3: Productos iguales con cantidades, PV4: Precios iguales, PV5: Nueva fecha actual, PV6: Estado Pendiente",29/10/2025,75,ALTA,Criticidad 20 + Frecuencia 10 + Viabilidad 20 + ROI 8 + Estabilidad 10 + Detecci√≥n 3. Ahorra tiempo en pedidos recurrentes.
CP-PED-175,Descuentos,Valores L√≠mite,Aplicar descuento general del 5% al pedido,"Usuario autenticado","Descuento global: 5%","1. Crear pedido con 3 productos, 2. Aplicar descuento general 5%, 3. Verificar","PV1: Descuento aplicado a todos los productos, PV2: Subtotal recalculado, PV3: Total correcto, PV4: Visible en resumen",29/10/2025,85,CR√çTICA,Criticidad 30 + Frecuencia 15 + Viabilidad 20 + ROI 12 + Estabilidad 10 + Detecci√≥n 4. Descuento global com√∫n.
CP-PED-181,Monedas,Partici√≥n de Equivalencia,Crear pedido en moneda Soles (PEN),"Usuario autenticado","Moneda: PEN","1. Crear pedido, 2. Seleccionar moneda PEN, 3. Guardar","PV1: Precios en PEN, PV2: S√≠mbolo S/, PV3: C√°lculos correctos, PV4: Moneda guardada",29/10/2025,80,ALTA,Criticidad 30 + Frecuencia 20 + Viabilidad 20 + ROI 5 + Estabilidad 10 + Detecci√≥n 3. Moneda local principal.
CP-PED-182,Monedas,Partici√≥n de Equivalencia,Crear pedido en moneda D√≥lares (USD),"Usuario autenticado","Moneda: USD, TC: 3.75","1. Seleccionar USD, 2. Verificar tipo de cambio, 3. Crear pedido","PV1: Precios en USD, PV2: S√≠mbolo $, PV3: TC del d√≠a aplicado, PV4: Conversi√≥n correcta",29/10/2025,80,ALTA,Criticidad 30 + Frecuencia 20 + Viabilidad 20 + ROI 5 + Estabilidad 10 + Detecci√≥n 3. Moneda extranjera importante.
